CREATE TABLE LIB_USER (
    User_ID NUMBER PRIMARY KEY,
    Name VARCHAR2(100) NOT NULL,
    Email VARCHAR2(100) NOT NULL UNIQUE,
    Role VARCHAR2(20) NOT NULL,
    Department VARCHAR2(100) DEFAULT 'General',

    CHECK (Role IN ('Student','Faculty','Staff'))
);

CREATE TABLE AUTHOR (
    Author_ID NUMBER PRIMARY KEY,
    Author_Name VARCHAR2(100) NOT NULL
);

CREATE TABLE CATEGORY (
    Category_ID NUMBER PRIMARY KEY,
    Category_Name VARCHAR2(100) NOT NULL UNIQUE
);

CREATE TABLE PUBLISHER (
    Publisher_ID NUMBER PRIMARY KEY,
    Publisher_Name VARCHAR2(100) NOT NULL UNIQUE
);

CREATE TABLE BOOK (
    Book_ID NUMBER PRIMARY KEY,
    Title VARCHAR2(200) NOT NULL,
    ISBN VARCHAR2(20) NOT NULL UNIQUE,
    Type VARCHAR2(50) NOT NULL,
    Publication_Year NUMBER NOT NULL,
    Availability_Status VARCHAR2(20) DEFAULT 'Available',

    Category_ID NUMBER NOT NULL,
    Publisher_ID NUMBER NOT NULL,

    FOREIGN KEY (Category_ID)
        REFERENCES CATEGORY(Category_ID),

    FOREIGN KEY (Publisher_ID)
        REFERENCES PUBLISHER(Publisher_ID),

    CHECK (Publication_Year >= 1500 AND Publication_Year <= EXTRACT(YEAR FROM SYSDATE)),
    CHECK (Availability_Status IN ('Available','Borrowed'))
);

CREATE TABLE BOOK (
    Book_ID NUMBER PRIMARY KEY,
    Title VARCHAR2(200) NOT NULL,
    ISBN VARCHAR2(20) NOT NULL UNIQUE,
    Type VARCHAR2(50) NOT NULL,
    Publication_Year NUMBER NOT NULL,
    Availability_Status VARCHAR2(20) DEFAULT 'Available',

    Category_ID NUMBER NOT NULL,
    Publisher_ID NUMBER NOT NULL,

    FOREIGN KEY (Category_ID)
        REFERENCES CATEGORY(Category_ID),

    FOREIGN KEY (Publisher_ID)
        REFERENCES PUBLISHER(Publisher_ID),

    CHECK (Publication_Year >= 1500 AND Publication_Year <= 2026),
    CHECK (Availability_Status IN ('Available','Borrowed'))
);

CREATE TABLE BORROWING (
    Borrowing_ID NUMBER PRIMARY KEY,
    User_ID NUMBER NOT NULL,
    Book_ID NUMBER NOT NULL,

    Issue_Date DATE NOT NULL,
    Due_Date DATE NOT NULL,
    Return_Date DATE,
    Fine_Amount NUMBER(10,2) DEFAULT 0,

    FOREIGN KEY (User_ID)
        REFERENCES LIB_USER(User_ID),

    FOREIGN KEY (Book_ID)
        REFERENCES BOOK(Book_ID),

    CHECK (Due_Date >= Issue_Date),
    CHECK (Fine_Amount >= 0)
);

CREATE TABLE RESERVATION (
    Reservation_ID NUMBER PRIMARY KEY,
    User_ID NUMBER NOT NULL,
    Book_ID NUMBER NOT NULL,

    Reservation_Date DATE DEFAULT SYSDATE,
    Status VARCHAR2(20) DEFAULT 'Pending',

    FOREIGN KEY (User_ID)
        REFERENCES LIB_USER(User_ID),

    FOREIGN KEY (Book_ID)
        REFERENCES BOOK(Book_ID),

    CHECK (Status IN ('Pending','Approved','Cancelled'))
);

CREATE TABLE WRITES (
    Author_ID NUMBER,
    Book_ID NUMBER,

    PRIMARY KEY (Author_ID, Book_ID),

    FOREIGN KEY (Author_ID)
        REFERENCES AUTHOR(Author_ID),

    FOREIGN KEY (Book_ID)
        REFERENCES BOOK(Book_ID)
);

INSERT INTO LIB_USER VALUES (1,'Aayushman','a1@gmail.com','Student','Cyber');
INSERT INTO LIB_USER VALUES (2,'Anika','a2@gmail.com','Student','Computer');
INSERT INTO LIB_USER VALUES (3,'Aayush','a3@gmail.com','Student','AI');
INSERT INTO LIB_USER VALUES (4,'Rahul','a4@gmail.com','Student','IT');
INSERT INTO LIB_USER VALUES (5,'Sneha','a5@gmail.com','Student','Data Science');
INSERT INTO LIB_USER VALUES (6,'Karan','a6@gmail.com','Student','Cyber');
INSERT INTO LIB_USER VALUES (7,'Pooja','a7@gmail.com','Student','AI');
INSERT INTO LIB_USER VALUES (8,'Riya','a8@gmail.com','Student','IT');
INSERT INTO LIB_USER VALUES (9,'Amit','a9@gmail.com','Faculty','Computer');
INSERT INTO LIB_USER VALUES (10,'Meena','a10@gmail.com','Faculty','AI');
INSERT INTO LIB_USER VALUES (11,'Staff1','a11@gmail.com','Staff','Library');
INSERT INTO LIB_USER VALUES (12,'Staff2','a12@gmail.com','Staff','Library');
INSERT INTO LIB_USER VALUES (13,'Vikas','a13@gmail.com','Student','Cyber');
INSERT INTO LIB_USER VALUES (14,'Neha','a14@gmail.com','Student','AI');
INSERT INTO LIB_USER VALUES (15,'Arjun','a15@gmail.com','Student','IT');

INSERT INTO AUTHOR VALUES (101,'Robert C Martin');
INSERT INTO AUTHOR VALUES (102,'Andrew Tanenbaum');
INSERT INTO AUTHOR VALUES (103,'Dennis Ritchie');
INSERT INTO AUTHOR VALUES (104,'Bjarne Stroustrup');
INSERT INTO AUTHOR VALUES (105,'James Gosling');
INSERT INTO AUTHOR VALUES (106,'Guido van Rossum');
INSERT INTO AUTHOR VALUES (107,'Herbert Schildt');
INSERT INTO AUTHOR VALUES (108,'Yashavant Kanetkar');
INSERT INTO AUTHOR VALUES (109,'Brian Kernighan');
INSERT INTO AUTHOR VALUES (110,'Linus Torvalds');
INSERT INTO AUTHOR VALUES (111,'Elon Musk');
INSERT INTO AUTHOR VALUES (112,'Bill Gates');
INSERT INTO AUTHOR VALUES (113,'Mark Zuckerberg');
INSERT INTO AUTHOR VALUES (114,'Steve Jobs');
INSERT INTO AUTHOR VALUES (115,'Sundar Pichai');

INSERT INTO CATEGORY VALUES (1,'Programming');
INSERT INTO CATEGORY VALUES (2,'Networking');
INSERT INTO CATEGORY VALUES (3,'Database');
INSERT INTO CATEGORY VALUES (4,'AI');
INSERT INTO CATEGORY VALUES (5,'Cyber Security');
INSERT INTO CATEGORY VALUES (6,'Operating System');
INSERT INTO CATEGORY VALUES (7,'Data Science');
INSERT INTO CATEGORY VALUES (8,'Machine Learning');
INSERT INTO CATEGORY VALUES (9,'Cloud Computing');
INSERT INTO CATEGORY VALUES (10,'Web Development');
INSERT INTO CATEGORY VALUES (11,'Mobile Development');
INSERT INTO CATEGORY VALUES (12,'Blockchain');
INSERT INTO CATEGORY VALUES (13,'IoT');
INSERT INTO CATEGORY VALUES (14,'Software Engineering');
INSERT INTO CATEGORY VALUES (15,'Algorithms');

INSERT INTO PUBLISHER VALUES (1,'Pearson');
INSERT INTO PUBLISHER VALUES (2,'McGraw Hill');
INSERT INTO PUBLISHER VALUES (3,'O Reilly');
INSERT INTO PUBLISHER VALUES (4,'Springer');
INSERT INTO PUBLISHER VALUES (5,'Wiley');
INSERT INTO PUBLISHER VALUES (6,'MIT Press');
INSERT INTO PUBLISHER VALUES (7,'Cambridge');
INSERT INTO PUBLISHER VALUES (8,'Oxford');
INSERT INTO PUBLISHER VALUES (9,'Packt');
INSERT INTO PUBLISHER VALUES (10,'Apress');
INSERT INTO PUBLISHER VALUES (11,'Elsevier');
INSERT INTO PUBLISHER VALUES (12,'Cisco Press');
INSERT INTO PUBLISHER VALUES (13,'No Starch Press');
INSERT INTO PUBLISHER VALUES (14,'BPB Publications');
INSERT INTO PUBLISHER VALUES (15,'Cengage');

INSERT INTO BOOK VALUES (1,'Clean Code','1111','Programming',2008,'Available',1,1);
INSERT INTO BOOK VALUES (2,'Computer Networks','2222','Networking',2010,'Available',2,2);
INSERT INTO BOOK VALUES (3,'C Programming','3333','Programming',1990,'Available',1,3);
INSERT INTO BOOK VALUES (4,'Java Basics','4444','Programming',2005,'Borrowed',1,4);
INSERT INTO BOOK VALUES (5,'Python Guide','5555','Programming',2015,'Available',1,5);
INSERT INTO BOOK VALUES (6,'AI Fundamentals','6666','AI',2020,'Available',4,6);
INSERT INTO BOOK VALUES (7,'Cyber Security','7777','Security',2018,'Borrowed',5,7);
INSERT INTO BOOK VALUES (8,'Operating Systems','8888','OS',2012,'Available',6,8);
INSERT INTO BOOK VALUES (9,'Data Science Intro','9999','Data',2019,'Available',7,9);
INSERT INTO BOOK VALUES (10,'Machine Learning','1010','ML',2021,'Available',8,10);
INSERT INTO BOOK VALUES (11,'Cloud Basics','1112','Cloud',2022,'Available',9,11);
INSERT INTO BOOK VALUES (12,'Web Dev','1212','Web',2017,'Borrowed',10,12);
INSERT INTO BOOK VALUES (13,'Mobile Apps','1313','Mobile',2016,'Available',11,13);
INSERT INTO BOOK VALUES (14,'Blockchain Tech','1414','Blockchain',2023,'Available',12,14);
INSERT INTO BOOK VALUES (15,'Algorithms','1515','Algo',2011,'Available',15,15);

INSERT INTO WRITES VALUES (101,1);
INSERT INTO WRITES VALUES (102,2);
INSERT INTO WRITES VALUES (103,3);
INSERT INTO WRITES VALUES (104,4);
INSERT INTO WRITES VALUES (105,5);
INSERT INTO WRITES VALUES (106,6);
INSERT INTO WRITES VALUES (107,7);
INSERT INTO WRITES VALUES (108,8);
INSERT INTO WRITES VALUES (109,9);
INSERT INTO WRITES VALUES (110,10);
INSERT INTO WRITES VALUES (111,11);
INSERT INTO WRITES VALUES (112,12);
INSERT INTO WRITES VALUES (113,13);
INSERT INTO WRITES VALUES (114,14);
INSERT INTO WRITES VALUES (115,15);

INSERT INTO BORROWING VALUES (1,1,1,DATE '2026-03-01',DATE '2026-03-10',NULL,0);
INSERT INTO BORROWING VALUES (2,2,2,DATE '2026-03-02',DATE '2026-03-12',DATE '2026-03-11',0);
INSERT INTO BORROWING VALUES (3,3,3,DATE '2026-03-03',DATE '2026-03-13',NULL,0);
INSERT INTO BORROWING VALUES (4,4,4,DATE '2026-03-04',DATE '2026-03-14',DATE '2026-03-20',50);
INSERT INTO BORROWING VALUES (5,5,5,DATE '2026-03-05',DATE '2026-03-15',NULL,0);
INSERT INTO BORROWING VALUES (6,6,6,DATE '2026-03-06',DATE '2026-03-16',NULL,0);
INSERT INTO BORROWING VALUES (7,7,7,DATE '2026-03-07',DATE '2026-03-17',DATE '2026-03-18',20);
INSERT INTO BORROWING VALUES (8,8,8,DATE '2026-03-08',DATE '2026-03-18',NULL,0);
INSERT INTO BORROWING VALUES (9,9,9,DATE '2026-03-09',DATE '2026-03-19',NULL,0);
INSERT INTO BORROWING VALUES (10,10,10,DATE '2026-03-10',DATE '2026-03-20',NULL,0);
INSERT INTO BORROWING VALUES (11,11,11,DATE '2026-03-11',DATE '2026-03-21',NULL,0);
INSERT INTO BORROWING VALUES (12,12,12,DATE '2026-03-12',DATE '2026-03-22',NULL,0);
INSERT INTO BORROWING VALUES (13,13,13,DATE '2026-03-13',DATE '2026-03-23',NULL,0);
INSERT INTO BORROWING VALUES (14,14,14,DATE '2026-03-14',DATE '2026-03-24',NULL,0);
INSERT INTO BORROWING VALUES (15,15,15,DATE '2026-03-15',DATE '2026-03-25',NULL,0);

INSERT INTO RESERVATION VALUES (1,1,2,SYSDATE,'Pending');
INSERT INTO RESERVATION VALUES (2,2,3,SYSDATE,'Approved');
INSERT INTO RESERVATION VALUES (3,3,4,SYSDATE,'Cancelled');
INSERT INTO RESERVATION VALUES (4,4,5,SYSDATE,'Pending');
INSERT INTO RESERVATION VALUES (5,5,6,SYSDATE,'Approved');
INSERT INTO RESERVATION VALUES (6,6,7,SYSDATE,'Pending');
INSERT INTO RESERVATION VALUES (7,7,8,SYSDATE,'Cancelled');
INSERT INTO RESERVATION VALUES (8,8,9,SYSDATE,'Pending');
INSERT INTO RESERVATION VALUES (9,9,10,SYSDATE,'Approved');
INSERT INTO RESERVATION VALUES (10,10,11,SYSDATE,'Pending');
INSERT INTO RESERVATION VALUES (11,11,12,SYSDATE,'Cancelled');
INSERT INTO RESERVATION VALUES (12,12,13,SYSDATE,'Pending');
INSERT INTO RESERVATION VALUES (13,13,14,SYSDATE,'Approved');
INSERT INTO RESERVATION VALUES (14,14,15,SYSDATE,'Pending');
INSERT INTO RESERVATION VALUES (15,15,1,SYSDATE,'Approved');

SELECT * FROM BOOK;

CREATE SEQUENCE user_seq
START WITH 16
INCREMENT BY 1;

CREATE OR REPLACE TRIGGER user_trigger
BEFORE INSERT ON LIB_USER
FOR EACH ROW
BEGIN
    IF :NEW.User_ID IS NULL THEN
        :NEW.User_ID := user_seq.NEXTVAL;
    END IF;
END;
/

INSERT INTO LIB_USER (Name, Email, Role, Department)
VALUES ('TestUser','testuser@gmail.com','Student','IT');

CREATE OR REPLACE TRIGGER fine_trigger
BEFORE UPDATE ON BORROWING
FOR EACH ROW
BEGIN
    IF :NEW.Return_Date IS NOT NULL AND :NEW.Return_Date > :NEW.Due_Date THEN
        :NEW.Fine_Amount := (:NEW.Return_Date - :NEW.Due_Date) * 10;
    END IF;
END;
/

CREATE VIEW Borrowed_Books_View AS
SELECT U.Name, B.Title, BR.Due_Date
FROM LIB_USER U
JOIN BORROWING BR ON U.User_ID = BR.User_ID
JOIN BOOK B ON BR.Book_ID = B.Book_ID;

CREATE INDEX idx_book_title ON BOOK(Title);

SELECT * FROM LIB_USER;


-- 1. Drop the existing table and its constraints
DROP TABLE LIB_USER CASCADE CONSTRAINTS;

-- 2. Recreate the table with the 'Admin' role included
CREATE TABLE LIB_USER (
    User_ID NUMBER PRIMARY KEY,
    Name VARCHAR2(100) NOT NULL,
    Email VARCHAR2(100) NOT NULL UNIQUE,
    Role VARCHAR2(20) NOT NULL,
    Department VARCHAR2(100) DEFAULT 'General',
    CONSTRAINT chk_user_role CHECK (Role IN ('Student', 'Faculty', 'Staff', 'Admin'))
);

commit;

SELECT Book_ID, Title, Type, Publication_Year, Availability_Status 
FROM BOOK 
WHERE Publication_Year > 2015;

SELECT * FROM LIB_USER;

SELECT * FROM BOOK;

SELECT * FROM BORROWING;

SELECT * FROM BOOK;

SELECT Name, Email 
FROM LIB_USER 
WHERE Role = 'Admin';

SELECT U.Name, B.Title, BR.Issue_Date, BR.Due_Date
FROM BORROWING BR
JOIN LIB_USER U ON BR.User_ID = U.User_ID
JOIN BOOK B ON BR.Book_ID = B.Book_ID;

SELECT * FROM BORROW ORDER BY BORROW_ID DESC;

SELECT 
    b.Title,
    u.Name,
    br.Borrow_Date,
    br.Due_Date
FROM BOOK b
INNER JOIN BORROW br 
    ON b.Book_ID = br.Book_ID
INNER JOIN LIB_USER u 
    ON br.User_ID = u.User_ID
WHERE br.Status = 'Borrowed';

SELECT B.Title, COUNT(*) AS Total_Borrows
FROM BORROWING BR
JOIN BOOK B ON BR.Book_ID = B.Book_ID
GROUP BY B.Title
ORDER BY Total_Borrows DESC;

SELECT U.Name, B.Title, BR.Due_Date
FROM BORROWING BR
JOIN LIB_USER U ON BR.User_ID = U.User_ID
JOIN BOOK B ON BR.Book_ID = B.Book_ID
WHERE BR.Return_Date IS NULL AND BR.Due_Date < SYSDATE;

SELECT U.Name, B.Title, BR.Due_Date
FROM BORROW BR
JOIN LIB_USER U ON BR.User_ID = U.User_ID
JOIN BOOK B ON BR.Book_ID = B.Book_ID
WHERE BR.Return_Date IS NULL 
AND BR.Due_Date < SYSDATE;

INSERT INTO LIB_USER VALUES (1,'Test','test@gmail.com','Student','IT');

INSERT INTO LIB_USER VALUES (1,'Test','test@gmail.com','Student','IT');

INSERT INTO LIB_USER VALUES (16,'Test','a1@gmail.com','Student','IT');
INSERT INTO BORROWING VALUES (20,999,1,DATE '2026-03-01',DATE '2026-03-10',NULL,0);

UPDATE BORROWING
SET Return_Date = DATE '2026-04-01'
WHERE Borrowing_ID = 1;
SELECT Borrowing_ID, Due_Date, Return_Date, Fine_Amount 
FROM BORROWING 
WHERE Borrowing_ID = 1;

INSERT INTO LIB_USER VALUES (20,'TestUser','a1@gmail.com','Student','IT');

INSERT INTO LIB_USER (User_ID, Name, Email, Role, Department)
VALUES (20,'TestUser','a1@gmail.com','Student','IT');

SELECT Email FROM LIB_USER;

INSERT INTO LIB_USER (User_ID, Name, Email, Role, Department)
VALUES (50,'DuplicateUser','a1@gmail.com','Student','IT');

INSERT INTO BORROWING VALUES (25,999,1,DATE '2026-03-01',DATE '2026-03-10',NULL,0);

SELECT User_ID FROM LIB_USER;

INSERT INTO BORROWING 
(Borrowing_ID, User_ID, Book_ID, Issue_Date, Due_Date, Return_Date, Fine_Amount)
VALUES 
(200,99999,1,DATE '2026-03-01',DATE '2026-03-10',NULL,0);
SELECT constraint_name, constraint_type
FROM user_constraints
WHERE table_name = 'BORROWING';
SELECT Book_ID FROM BOOK;

INSERT INTO BORROWING 
VALUES (500,99999,99999,DATE '2026-03-01',DATE '2026-03-10',NULL,0);

SELECT U.Name, B.Title, BR.Issue_Date, BR.Due_Date
FROM BORROWING BR
JOIN LIB_USER U ON BR.User_ID = U.User_ID
JOIN BOOK B ON BR.Book_ID = B.Book_ID;

SELECT * FROM Borrowed_Books_View;

SELECT view_name FROM user_views;

SELECT * FROM BORROWED_BOOKS_VIEW;

SELECT R.Reservation_ID, U.Name, B.Title, R.Status
FROM RESERVATION R
JOIN LIB_USER U ON R.User_ID = U.User_ID
JOIN BOOK B ON R.Book_ID = B.Book_ID;

SELECT Borrowing_ID, Return_Date, Fine_Amount
FROM BORROWING
WHERE Fine_Amount > 0;